,name,SCP,COP
0,MIL-101Cr,132.83590972309563,0.19450957445488642
