,name,SCP,COP
0,MIL-101Cr,132.8365358494873,0.19451026616050598
